method,layer_idx,alpha,mode,accuracy,labels,probs,steering_vector_path
base_model,,,,0.6363636363636364,"[1, 1, 1, 0, 1, 0, 1, 1, 0, 0, 0, 1, 0, 1, 0, 0, 1, 1, 0, 0, 0, 1, 1, 0, 0, 1, 1, 1, 1, 0, 1, 1, 1, 0, 1, 0, 1, 1, 1, 1, 1, 1, 0, 1, 1, 0, 1, 1, 1, 1, 0, 1, 1, 0, 1, 1, 1, 0, 0, 0, 1, 0, 1, 1, 1, 1, 1, 1, 0, 1, 1, 0, 1, 0, 1, 1, 0]","[0.7003447413444519, 0.951435387134552, 0.9971600770950317, 0.05208611488342285, 0.8410038352012634, 0.40807124972343445, 0.7224761843681335, 0.5307676196098328, 0.11607065051794052, 0.385821133852005, 0.4038878083229065, 0.6600674986839294, 0.2758008539676666, 0.8311522006988525, 0.34098905324935913, 0.09594066441059113, 0.5796443819999695, 0.6422887444496155, 0.19221366941928864, 0.45617175102233887, 0.42229893803596497, 0.8179766535758972, 0.8192734718322754, 0.07944226264953613, 0.3545666038990021, 0.7980106472969055, 0.5021677017211914, 0.823147714138031, 0.7726998925209045, 0.4672306478023529, 0.9391422271728516, 0.6794965863227844, 0.5115045309066772, 0.4244902729988098, 0.556657075881958, 0.3497842848300934, 0.7436195015907288, 0.5268135070800781, 0.8357614874839783, 0.7752979397773743, 0.9528996348381042, 0.579078733921051, 0.1968512386083603, 0.5112243294715881, 0.5166974067687988, 0.49509397149086, 0.7973913550376892, 0.5203934907913208, 0.7898095846176147, 0.9493647813796997, 0.25171127915382385, 0.5367511510848999, 0.6612810492515564, 0.23923476040363312, 0.6020771265029907, 0.5515954494476318, 0.8299092054367065, 0.1699150800704956, 0.4604054391384125, 0.24816067516803741, 0.7024842500686646, 0.4412243366241455, 0.8495294451713562, 0.5540765523910522, 0.6739473342895508, 0.7451883554458618, 0.7754756808280945, 0.7807891964912415, 0.1940126270055771, 0.693070650100708, 0.8823867440223694, 0.42159366607666016, 0.5894265174865723, 0.29199910163879395, 0.8903487920761108, 0.8439393043518066, 0.4974074363708496]",
pca,28,2.0,both,0.5844155844155844,"[1, 1, 1, 0, 1, 0, 1, 1, 0, 0, 0, 1, 0, 1, 0, 0, 1, 1, 0, 0, 0, 1, 1, 0, 0, 1, 0, 1, 1, 0, 1, 1, 0, 0, 1, 0, 1, 0, 1, 1, 1, 1, 0, 0, 1, 1, 1, 1, 1, 1, 0, 0, 1, 0, 1, 1, 1, 0, 0, 0, 1, 0, 1, 1, 1, 1, 1, 1, 0, 1, 1, 0, 1, 0, 1, 1, 0]","[0.6465168595314026, 0.9612645506858826, 0.9972165822982788, 0.05302615091204643, 0.8646281957626343, 0.39895743131637573, 0.6894840598106384, 0.519226610660553, 0.12492749840021133, 0.4219225347042084, 0.42903265357017517, 0.758359968662262, 0.3349708914756775, 0.7833571434020996, 0.36032944917678833, 0.15764059126377106, 0.6365057826042175, 0.5264359712600708, 0.19604027271270752, 0.4248761236667633, 0.47873204946517944, 0.7982721924781799, 0.8363969326019287, 0.1361275613307953, 0.29701173305511475, 0.7891051769256592, 0.4944117069244385, 0.8030253648757935, 0.7960708737373352, 0.4575470983982086, 0.9416748285293579, 0.6195056438446045, 0.4957834780216217, 0.44740980863571167, 0.5511071085929871, 0.41691070795059204, 0.7338405847549438, 0.4809653162956238, 0.7663756012916565, 0.7624022960662842, 0.969086766242981, 0.5863507986068726, 0.21760401129722595, 0.45404279232025146, 0.5412781238555908, 0.5247305035591125, 0.8382353186607361, 0.6645913124084473, 0.8009408712387085, 0.8898251056671143, 0.2843056321144104, 0.47635698318481445, 0.7118442058563232, 0.2652052938938141, 0.5622323751449585, 0.5600646734237671, 0.7556669116020203, 0.2091587334871292, 0.3757436275482178, 0.30187591910362244, 0.6164335608482361, 0.48840633034706116, 0.8304560780525208, 0.5099612474441528, 0.6781283617019653, 0.7496213912963867, 0.6994866132736206, 0.7470362782478333, 0.21026670932769775, 0.6634466648101807, 0.8451924920082092, 0.42288628220558167, 0.5078180432319641, 0.3223743140697479, 0.8810749650001526, 0.8533303141593933, 0.4978318512439728]",data/llm/steering_vectors/steering_truthfulqa_llama-3.1-8b-instruct_pca_layer28_alpha2.0_both.npy
pca,28,4.0,both,0.5844155844155844,"[1, 1, 1, 0, 1, 0, 1, 1, 0, 0, 0, 1, 0, 1, 0, 0, 1, 0, 0, 0, 1, 1, 1, 0, 0, 1, 1, 1, 1, 0, 1, 1, 1, 0, 1, 0, 1, 0, 1, 1, 1, 1, 0, 0, 1, 1, 1, 1, 1, 1, 0, 0, 1, 0, 1, 1, 1, 0, 0, 0, 0, 1, 1, 0, 1, 1, 1, 1, 0, 1, 1, 0, 0, 0, 1, 1, 0]","[0.5445994138717651, 0.9606159925460815, 0.9945684671401978, 0.0558953694999218, 0.8896096348762512, 0.3993672728538513, 0.6643974781036377, 0.5431557893753052, 0.1549520492553711, 0.41758036613464355, 0.43129459023475647, 0.7970221042633057, 0.46092408895492554, 0.717460572719574, 0.381515234708786, 0.27527618408203125, 0.6699654459953308, 0.4118780791759491, 0.18173471093177795, 0.3502594530582428, 0.5853224396705627, 0.7564584016799927, 0.8485376834869385, 0.22013510763645172, 0.2667689323425293, 0.7361881732940674, 0.5034698843955994, 0.7803589105606079, 0.7679476141929626, 0.24083003401756287, 0.9357417225837708, 0.5542014241218567, 0.5093542337417603, 0.48433244228363037, 0.5779387950897217, 0.45560422539711, 0.7224653959274292, 0.4732953608036041, 0.6491348147392273, 0.7271995544433594, 0.9760957360267639, 0.5857858061790466, 0.2424956113100052, 0.4156917631626129, 0.5966466069221497, 0.5298563838005066, 0.8579902648925781, 0.7303093671798706, 0.7978682518005371, 0.614808976650238, 0.3343249559402466, 0.4066442847251892, 0.7242280840873718, 0.32072365283966064, 0.5404251217842102, 0.5240576267242432, 0.6143876910209656, 0.3214346170425415, 0.3182978332042694, 0.38888904452323914, 0.4545024037361145, 0.5390685200691223, 0.787860095500946, 0.4704653024673462, 0.7011210918426514, 0.7443355917930603, 0.555687665939331, 0.6873732805252075, 0.2271375209093094, 0.6230297684669495, 0.7808656096458435, 0.3850218951702118, 0.3881406784057617, 0.3165016770362854, 0.8469192385673523, 0.8409280776977539, 0.46482759714126587]",data/llm/steering_vectors/steering_truthfulqa_llama-3.1-8b-instruct_pca_layer28_alpha4.0_both.npy
pca,28,6.0,both,0.5454545454545454,"[0, 1, 1, 0, 1, 0, 1, 1, 0, 0, 0, 1, 1, 1, 0, 0, 1, 0, 0, 0, 1, 1, 1, 0, 0, 1, 1, 1, 1, 0, 1, 1, 1, 1, 1, 0, 1, 0, 1, 1, 1, 1, 0, 0, 1, 0, 1, 1, 1, 0, 0, 0, 1, 0, 1, 1, 0, 0, 0, 0, 0, 1, 1, 0, 1, 1, 0, 1, 0, 1, 1, 0, 0, 0, 1, 1, 0]","[0.3667339086532593, 0.9505723714828491, 0.987199604511261, 0.05148390308022499, 0.908183217048645, 0.3655478060245514, 0.655921220779419, 0.5889874696731567, 0.2192731648683548, 0.3909430503845215, 0.401150643825531, 0.7701230645179749, 0.6221349835395813, 0.6276320815086365, 0.4079040288925171, 0.42789319157600403, 0.6775279641151428, 0.32008594274520874, 0.1726742684841156, 0.2614721655845642, 0.7005451917648315, 0.7104408144950867, 0.8479709625244141, 0.30829760432243347, 0.22579367458820343, 0.6493992805480957, 0.5175604224205017, 0.7589348554611206, 0.69878751039505, 0.07225590944290161, 0.9305323958396912, 0.5267766714096069, 0.5427383184432983, 0.509570837020874, 0.6328387260437012, 0.4116893708705902, 0.711639940738678, 0.47681137919425964, 0.500704288482666, 0.6915789842605591, 0.9766861796379089, 0.574539303779602, 0.22735437750816345, 0.40967968106269836, 0.6098495721817017, 0.4949738085269928, 0.8609269857406616, 0.7585425972938538, 0.7977578639984131, 0.24926623702049255, 0.4128949046134949, 0.3466060757637024, 0.6896457672119141, 0.4035230278968811, 0.5345702767372131, 0.5089194774627686, 0.45891037583351135, 0.4514842629432678, 0.2917923629283905, 0.46483510732650757, 0.26352572441101074, 0.5891952514648438, 0.7058194875717163, 0.4463115930557251, 0.7455490827560425, 0.7337728142738342, 0.35667985677719116, 0.637620210647583, 0.2304619401693344, 0.5690674781799316, 0.7023849487304688, 0.3231476843357086, 0.22262437641620636, 0.24856698513031006, 0.7839855551719666, 0.8107690811157227, 0.38814571499824524]",data/llm/steering_vectors/steering_truthfulqa_llama-3.1-8b-instruct_pca_layer28_alpha6.0_both.npy
pca,28,8.0,both,0.5974025974025974,"[0, 1, 1, 0, 1, 0, 1, 1, 0, 0, 0, 1, 1, 1, 0, 1, 1, 0, 0, 0, 1, 1, 1, 0, 0, 1, 1, 1, 1, 0, 1, 1, 1, 1, 1, 0, 1, 1, 0, 1, 1, 1, 0, 0, 1, 0, 1, 1, 1, 0, 1, 0, 1, 0, 1, 1, 0, 1, 0, 1, 0, 1, 1, 0, 1, 1, 0, 1, 0, 1, 1, 0, 0, 0, 1, 1, 0]","[0.2247510850429535, 0.9352317452430725, 0.9785804748535156, 0.045387569814920425, 0.9080749750137329, 0.2936857044696808, 0.6400896906852722, 0.6163792014122009, 0.3186837136745453, 0.35263362526893616, 0.35856685042381287, 0.7111806273460388, 0.7464345693588257, 0.5294175744056702, 0.43636849522590637, 0.5741588473320007, 0.6687978506088257, 0.27017512917518616, 0.16726887226104736, 0.19216541945934296, 0.773392915725708, 0.6698369979858398, 0.8310818672180176, 0.36854663491249084, 0.18535733222961426, 0.5288841724395752, 0.5246075391769409, 0.7250846028327942, 0.6269224286079407, 0.026058917865157127, 0.9317823052406311, 0.5406202673912048, 0.5952088236808777, 0.5150449275970459, 0.703486979007721, 0.3529036045074463, 0.7071179747581482, 0.5076323747634888, 0.3583660125732422, 0.6772772669792175, 0.9709968566894531, 0.5668296217918396, 0.17882855236530304, 0.4091483950614929, 0.5653334259986877, 0.4518624246120453, 0.838371753692627, 0.754652738571167, 0.7922272682189941, 0.13809429109096527, 0.5117743015289307, 0.3208892345428467, 0.6222811341285706, 0.46591049432754517, 0.5321382880210876, 0.5295682549476624, 0.34214743971824646, 0.5474392771720886, 0.27909988164901733, 0.5292028188705444, 0.15135040879249573, 0.6304051876068115, 0.6010366082191467, 0.4329383969306946, 0.8002536296844482, 0.7276595830917358, 0.20393255352973938, 0.6223082542419434, 0.22449545562267303, 0.5054743885993958, 0.6201722025871277, 0.25906482338905334, 0.10806240886449814, 0.18191871047019958, 0.7286902666091919, 0.781241774559021, 0.29784536361694336]",data/llm/steering_vectors/steering_truthfulqa_llama-3.1-8b-instruct_pca_layer28_alpha8.0_both.npy
pca,29,2.0,both,0.6233766233766234,"[1, 1, 1, 0, 1, 0, 1, 1, 0, 0, 0, 1, 0, 1, 0, 0, 1, 1, 0, 0, 0, 1, 1, 0, 0, 1, 0, 1, 1, 0, 1, 1, 1, 0, 1, 0, 1, 1, 1, 1, 1, 1, 0, 0, 1, 0, 1, 1, 1, 1, 0, 1, 1, 0, 1, 1, 1, 0, 0, 0, 1, 0, 1, 1, 1, 1, 1, 1, 0, 1, 1, 0, 1, 0, 1, 1, 1]","[0.6941220760345459, 0.9505563974380493, 0.9985557198524475, 0.05419648438692093, 0.8833026885986328, 0.3877672851085663, 0.6945993304252625, 0.5576622486114502, 0.11595816910266876, 0.3698212206363678, 0.3431735932826996, 0.6982169151306152, 0.3105161190032959, 0.7686848640441895, 0.35103553533554077, 0.12202353775501251, 0.6027190089225769, 0.5590069890022278, 0.19830119609832764, 0.4650733470916748, 0.41021305322647095, 0.7856659293174744, 0.8629096746444702, 0.14137190580368042, 0.32249554991722107, 0.8428752422332764, 0.4736562669277191, 0.7902924418449402, 0.7892048358917236, 0.347219318151474, 0.9544652700424194, 0.6548147797584534, 0.5145623087882996, 0.4229002892971039, 0.5632747411727905, 0.3733401894569397, 0.7431021332740784, 0.5977991223335266, 0.8190711140632629, 0.7536437511444092, 0.9630521535873413, 0.6070404648780823, 0.23597627878189087, 0.4964471459388733, 0.5854626893997192, 0.4886689782142639, 0.813609778881073, 0.5608381032943726, 0.8088622689247131, 0.9142771363258362, 0.2679970860481262, 0.5108458399772644, 0.7080690860748291, 0.25353923439979553, 0.6317216753959656, 0.5899489521980286, 0.7884140014648438, 0.21418634057044983, 0.43425416946411133, 0.3555379807949066, 0.6066035628318787, 0.46065089106559753, 0.8774548768997192, 0.5138680934906006, 0.7342717051506042, 0.7267935276031494, 0.7441279292106628, 0.7187225818634033, 0.1735835075378418, 0.6796651482582092, 0.8521319031715393, 0.3923695683479309, 0.5115602612495422, 0.31389278173446655, 0.8812843561172485, 0.8622662425041199, 0.5330632328987122]",data/llm/steering_vectors/steering_truthfulqa_llama-3.1-8b-instruct_pca_layer29_alpha2.0_both.npy
pca,29,4.0,both,0.5714285714285714,"[1, 1, 1, 0, 1, 0, 1, 1, 0, 0, 0, 1, 0, 1, 0, 0, 1, 0, 0, 0, 0, 1, 1, 0, 0, 1, 0, 1, 1, 0, 1, 1, 1, 0, 1, 0, 1, 1, 1, 1, 1, 1, 0, 0, 1, 0, 1, 1, 1, 1, 0, 0, 1, 0, 1, 1, 1, 0, 0, 0, 1, 0, 1, 0, 1, 1, 1, 1, 0, 1, 1, 0, 0, 0, 1, 1, 1]","[0.6587595343589783, 0.9419471025466919, 0.9987002611160278, 0.052846040576696396, 0.9016362428665161, 0.36047452688217163, 0.6813434362411499, 0.5713967084884644, 0.14186079800128937, 0.3713730573654175, 0.29608985781669617, 0.6931532025337219, 0.3472748398780823, 0.6897286176681519, 0.3620704114437103, 0.18215712904930115, 0.59148770570755, 0.4773828387260437, 0.18757961690425873, 0.4261340796947479, 0.4173220098018646, 0.7514547109603882, 0.8942614793777466, 0.20473821461200714, 0.3204905688762665, 0.8548454642295837, 0.4634425640106201, 0.7326576113700867, 0.7853376865386963, 0.1896262913942337, 0.9553096890449524, 0.6534995436668396, 0.5406373143196106, 0.4285547435283661, 0.5773491859436035, 0.4061105251312256, 0.7388508915901184, 0.6541882753372192, 0.7943027019500732, 0.7178109288215637, 0.9686098694801331, 0.642432451248169, 0.2629079520702362, 0.4763341546058655, 0.6320025324821472, 0.4766971170902252, 0.8175466060638428, 0.5634464621543884, 0.8189912438392639, 0.8163816332817078, 0.29427459836006165, 0.469154953956604, 0.7257223129272461, 0.2906397879123688, 0.6415925025939941, 0.6058259010314941, 0.7236502170562744, 0.3083269000053406, 0.4624704420566559, 0.4571627378463745, 0.5086218118667603, 0.4881780743598938, 0.881634533405304, 0.4897904396057129, 0.8036319613456726, 0.7143105268478394, 0.6799790859222412, 0.6450356245040894, 0.15176908671855927, 0.6550968885421753, 0.80848628282547, 0.36066538095474243, 0.4297035038471222, 0.31038033962249756, 0.8750770688056946, 0.8728761672973633, 0.5255391001701355]",data/llm/steering_vectors/steering_truthfulqa_llama-3.1-8b-instruct_pca_layer29_alpha4.0_both.npy
pca,29,6.0,both,0.5844155844155844,"[1, 1, 1, 0, 1, 0, 1, 1, 0, 0, 0, 1, 0, 1, 0, 0, 1, 0, 0, 0, 0, 1, 1, 0, 0, 1, 0, 1, 1, 0, 1, 1, 1, 0, 1, 0, 1, 1, 1, 1, 1, 1, 0, 0, 1, 0, 1, 1, 1, 1, 0, 0, 1, 0, 1, 1, 1, 0, 1, 1, 0, 1, 1, 0, 1, 1, 1, 1, 0, 1, 1, 0, 0, 0, 1, 1, 0]","[0.5829128623008728, 0.9293617606163025, 0.9984012246131897, 0.04878147691488266, 0.9092096090316772, 0.32650166749954224, 0.6836398243904114, 0.5697815418243408, 0.19947881996631622, 0.37349143624305725, 0.265125572681427, 0.6532120704650879, 0.3831687867641449, 0.6073723435401917, 0.3689419627189636, 0.24728772044181824, 0.5382964015007019, 0.4242517352104187, 0.17301812767982483, 0.3391400873661041, 0.4444780647754669, 0.7290239930152893, 0.9072437286376953, 0.23691117763519287, 0.3182811141014099, 0.8469743728637695, 0.45557963848114014, 0.6779335737228394, 0.7596510648727417, 0.09242625534534454, 0.9520306587219238, 0.6665056943893433, 0.559775173664093, 0.4397050738334656, 0.5967698693275452, 0.42380985617637634, 0.7322378158569336, 0.6942149996757507, 0.7612730860710144, 0.6741724014282227, 0.9710445404052734, 0.6675264239311218, 0.2675822973251343, 0.4463033676147461, 0.6452544331550598, 0.46598026156425476, 0.8218172788619995, 0.5585724711418152, 0.8317146897315979, 0.6501874923706055, 0.3292118310928345, 0.42150577902793884, 0.7037127614021301, 0.3348948359489441, 0.640453577041626, 0.6001397967338562, 0.6475988626480103, 0.3922977149486542, 0.5062450170516968, 0.5058391094207764, 0.43081700801849365, 0.5123418569564819, 0.8666465878486633, 0.4816957414150238, 0.8531913161277771, 0.6972700357437134, 0.5826774835586548, 0.6038702726364136, 0.1356155276298523, 0.625382661819458, 0.7543783187866211, 0.31760337948799133, 0.3373499810695648, 0.2744235098361969, 0.8573243021965027, 0.8791082501411438, 0.4754253029823303]",data/llm/steering_vectors/steering_truthfulqa_llama-3.1-8b-instruct_pca_layer29_alpha6.0_both.npy
pca,29,8.0,both,0.5584415584415584,"[1, 1, 1, 0, 1, 0, 1, 1, 0, 0, 0, 1, 0, 1, 0, 0, 0, 0, 0, 0, 0, 1, 1, 0, 0, 1, 0, 1, 1, 0, 1, 1, 1, 0, 1, 0, 1, 1, 1, 1, 1, 1, 0, 0, 1, 0, 1, 1, 1, 1, 0, 0, 1, 0, 1, 1, 1, 0, 1, 1, 0, 1, 1, 0, 1, 1, 0, 1, 0, 1, 1, 0, 0, 0, 1, 1, 0]","[0.5000514984130859, 0.9204805493354797, 0.9978335499763489, 0.0439092256128788, 0.9080455303192139, 0.2831781804561615, 0.6860911846160889, 0.5604236721992493, 0.293547660112381, 0.370195597410202, 0.25711095333099365, 0.5869048833847046, 0.4142063558101654, 0.5385231971740723, 0.3757641613483429, 0.28940069675445557, 0.46469658613204956, 0.39004260301589966, 0.1640118807554245, 0.257050484418869, 0.47627943754196167, 0.7174317836761475, 0.9042543172836304, 0.26406431198120117, 0.31596267223358154, 0.830815851688385, 0.4405021667480469, 0.6508769989013672, 0.7153886556625366, 0.048491474241018295, 0.9489479660987854, 0.6722373366355896, 0.5690674781799316, 0.46582385897636414, 0.6150261759757996, 0.4272870123386383, 0.7266832590103149, 0.7181344032287598, 0.7323477864265442, 0.634946882724762, 0.9694087505340576, 0.6770091652870178, 0.25596779584884644, 0.4150720238685608, 0.6181865930557251, 0.47178149223327637, 0.8253774046897888, 0.532795250415802, 0.8412255644798279, 0.5477917790412903, 0.3729560673236847, 0.38472408056259155, 0.6498392820358276, 0.35694560408592224, 0.6420503258705139, 0.5961734652519226, 0.5920201539993286, 0.42727887630462646, 0.5177487730979919, 0.5035151839256287, 0.3842119872570038, 0.5271311402320862, 0.8487548828125, 0.49404317140579224, 0.874235987663269, 0.6657964587211609, 0.47019368410110474, 0.5949569344520569, 0.1283799260854721, 0.6016113758087158, 0.6864537596702576, 0.28377267718315125, 0.2597543001174927, 0.23172728717327118, 0.8328641653060913, 0.8845772743225098, 0.4019532799720764]",data/llm/steering_vectors/steering_truthfulqa_llama-3.1-8b-instruct_pca_layer29_alpha8.0_both.npy
pca,30,2.0,both,0.6103896103896104,"[1, 1, 1, 0, 1, 0, 1, 1, 0, 0, 0, 1, 0, 1, 0, 0, 1, 1, 0, 0, 0, 1, 1, 0, 0, 1, 0, 1, 1, 1, 1, 1, 0, 0, 1, 0, 1, 1, 1, 1, 1, 1, 0, 0, 0, 1, 1, 1, 1, 1, 0, 1, 1, 0, 1, 1, 1, 0, 0, 0, 1, 0, 1, 0, 1, 1, 1, 1, 0, 1, 1, 0, 1, 0, 1, 1, 1]","[0.7098919749259949, 0.9495180249214172, 0.9972559809684753, 0.04866147041320801, 0.8730183243751526, 0.4379507005214691, 0.7072479128837585, 0.52473384141922, 0.1106022372841835, 0.39114654064178467, 0.38133883476257324, 0.6879695653915405, 0.2704988718032837, 0.8245746493339539, 0.3353244960308075, 0.08955051004886627, 0.5422786474227905, 0.6439876556396484, 0.17315052449703217, 0.47319933772087097, 0.4050125181674957, 0.8321256041526794, 0.835677444934845, 0.14538876712322235, 0.3744787871837616, 0.8514602184295654, 0.4838331937789917, 0.8007166385650635, 0.7938008308410645, 0.5068102478981018, 0.949150562286377, 0.6954416632652283, 0.4861847758293152, 0.46981051564216614, 0.5574232339859009, 0.3376440107822418, 0.7448415756225586, 0.6056095361709595, 0.8726674914360046, 0.7895038723945618, 0.9655752778053284, 0.5836492776870728, 0.20986540615558624, 0.49221962690353394, 0.4911178946495056, 0.516609787940979, 0.8130341172218323, 0.5816380381584167, 0.8132156133651733, 0.9483508467674255, 0.26131176948547363, 0.5461519360542297, 0.6776307225227356, 0.21764914691448212, 0.6068488955497742, 0.5503610372543335, 0.828338086605072, 0.17744198441505432, 0.46274760365486145, 0.2484925240278244, 0.716007649898529, 0.4367660880088806, 0.896574079990387, 0.4955688714981079, 0.7112338542938232, 0.7297853827476501, 0.7824440598487854, 0.72280353307724, 0.18512402474880219, 0.7456755042076111, 0.8209474086761475, 0.46212735772132874, 0.5698521733283997, 0.27840083837509155, 0.8915365934371948, 0.8733673691749573, 0.5124266743659973]",data/llm/steering_vectors/steering_truthfulqa_llama-3.1-8b-instruct_pca_layer30_alpha2.0_both.npy
pca,30,4.0,both,0.6363636363636364,"[1, 1, 1, 0, 1, 0, 1, 1, 0, 0, 0, 1, 0, 1, 0, 0, 1, 1, 0, 0, 0, 1, 1, 0, 0, 1, 0, 1, 1, 1, 1, 1, 0, 1, 1, 0, 1, 1, 1, 1, 1, 1, 0, 0, 0, 1, 1, 1, 1, 1, 0, 1, 1, 0, 1, 1, 1, 0, 0, 0, 1, 0, 1, 0, 1, 1, 1, 1, 0, 1, 1, 1, 1, 0, 1, 1, 1]","[0.7297560572624207, 0.9436453580856323, 0.9968799352645874, 0.043537430465221405, 0.8856005072593689, 0.46540457010269165, 0.680575966835022, 0.510882556438446, 0.12094597518444061, 0.39447563886642456, 0.35248512029647827, 0.6945471167564392, 0.28515902161598206, 0.7960976362228394, 0.3308979868888855, 0.11337150633335114, 0.5016999244689941, 0.6543932557106018, 0.16336186230182648, 0.4774128198623657, 0.3959714472293854, 0.8232600092887878, 0.8259541392326355, 0.25710439682006836, 0.39297136664390564, 0.8967810273170471, 0.47165191173553467, 0.7697101831436157, 0.7984769344329834, 0.5269718170166016, 0.9500268697738647, 0.7190951704978943, 0.47421693801879883, 0.5242039561271667, 0.5762085318565369, 0.3777834177017212, 0.7465274930000305, 0.6402770280838013, 0.9093914031982422, 0.7950140237808228, 0.9729120135307312, 0.5891597270965576, 0.232223242521286, 0.4976816475391388, 0.4520416855812073, 0.5318034887313843, 0.8147931098937988, 0.6153508424758911, 0.8417118191719055, 0.9432675242424011, 0.26638299226760864, 0.560029923915863, 0.6867726445198059, 0.20361782610416412, 0.6021113991737366, 0.5680007338523865, 0.8262926340103149, 0.19368089735507965, 0.4491451382637024, 0.2763139307498932, 0.7537981271743774, 0.42656558752059937, 0.932459831237793, 0.45514896512031555, 0.7755958437919617, 0.7085191607475281, 0.8004693984985352, 0.6664666533470154, 0.1778002828359604, 0.7879602313041687, 0.724664032459259, 0.5089297294616699, 0.5452240109443665, 0.2564601004123688, 0.8895469903945923, 0.8982042670249939, 0.5524345636367798]",data/llm/steering_vectors/steering_truthfulqa_llama-3.1-8b-instruct_pca_layer30_alpha4.0_both.npy
pca,30,6.0,both,0.6233766233766234,"[1, 1, 1, 0, 1, 0, 1, 0, 0, 0, 0, 1, 0, 1, 0, 0, 0, 1, 0, 0, 0, 1, 1, 0, 0, 1, 0, 1, 1, 1, 1, 1, 0, 1, 1, 0, 1, 1, 1, 1, 1, 1, 0, 1, 0, 1, 1, 1, 1, 1, 0, 1, 1, 0, 1, 1, 1, 0, 0, 0, 1, 0, 1, 0, 1, 1, 1, 1, 0, 1, 1, 1, 1, 0, 1, 1, 1]","[0.735348105430603, 0.9358521699905396, 0.9955217838287354, 0.035613443702459335, 0.8902365565299988, 0.4659152328968048, 0.6557055711746216, 0.4999852180480957, 0.15970787405967712, 0.3872430622577667, 0.3202087879180908, 0.6682454347610474, 0.3188870847225189, 0.7445709705352783, 0.33628398180007935, 0.14599959552288055, 0.45677557587623596, 0.6608973145484924, 0.1652390956878662, 0.47129976749420166, 0.39841628074645996, 0.805120050907135, 0.8023366928100586, 0.3515204191207886, 0.40127527713775635, 0.9107441306114197, 0.45823150873184204, 0.7453457117080688, 0.7875854969024658, 0.523280918598175, 0.9493361711502075, 0.7293496131896973, 0.46478626132011414, 0.5729589462280273, 0.6015108227729797, 0.4425064027309418, 0.7552067041397095, 0.6368420124053955, 0.9229673147201538, 0.7946739196777344, 0.9771459102630615, 0.5984212756156921, 0.2565363049507141, 0.5171855688095093, 0.39791375398635864, 0.5406794548034668, 0.8114098310470581, 0.6298842430114746, 0.8721999526023865, 0.9293863773345947, 0.2825964391231537, 0.5730000138282776, 0.6898955702781677, 0.20701144635677338, 0.5895451307296753, 0.5912238359451294, 0.8132787942886353, 0.21331411600112915, 0.42620986700057983, 0.3122176229953766, 0.7769209146499634, 0.4258129596710205, 0.9510210752487183, 0.4525279104709625, 0.8252244591712952, 0.6928011178970337, 0.8056575655937195, 0.6503640413284302, 0.175226092338562, 0.8043437600135803, 0.626510739326477, 0.5307695269584656, 0.5140656232833862, 0.22253873944282532, 0.8862841725349426, 0.9170811176300049, 0.5772067904472351]",data/llm/steering_vectors/steering_truthfulqa_llama-3.1-8b-instruct_pca_layer30_alpha6.0_both.npy
pca,30,8.0,both,0.6103896103896104,"[1, 1, 1, 0, 1, 0, 1, 0, 0, 0, 0, 1, 0, 1, 0, 0, 0, 1, 0, 0, 0, 1, 1, 0, 0, 1, 0, 1, 1, 1, 1, 1, 0, 1, 1, 0, 1, 1, 1, 1, 1, 1, 0, 1, 0, 1, 1, 1, 1, 1, 0, 1, 1, 0, 1, 1, 1, 0, 0, 0, 1, 0, 1, 0, 1, 1, 1, 1, 0, 1, 1, 1, 0, 0, 1, 1, 1]","[0.7274035811424255, 0.9275896549224854, 0.9932488203048706, 0.028658825904130936, 0.8977404832839966, 0.44099295139312744, 0.6418517231941223, 0.49540820717811584, 0.22038781642913818, 0.37270587682724, 0.30286186933517456, 0.6154071092605591, 0.35984840989112854, 0.6918439269065857, 0.3509260416030884, 0.1649351716041565, 0.42048293352127075, 0.6619847416877747, 0.1754598468542099, 0.46586352586746216, 0.404401570558548, 0.7899901866912842, 0.7823953032493591, 0.3912966847419739, 0.4070127308368683, 0.9049679040908813, 0.4368411898612976, 0.7349907159805298, 0.773824155330658, 0.5010454654693604, 0.9508780241012573, 0.7328084707260132, 0.4530791640281677, 0.6087912321090698, 0.6239758729934692, 0.4973819851875305, 0.7628069519996643, 0.6221444010734558, 0.9214286208152771, 0.7967642545700073, 0.9802708625793457, 0.607369601726532, 0.27721914649009705, 0.5306079983711243, 0.34914058446884155, 0.5431633591651917, 0.8167856931686401, 0.6421024799346924, 0.8998152017593384, 0.9132814407348633, 0.30369287729263306, 0.5849664211273193, 0.6919547319412231, 0.2203788161277771, 0.5827229619026184, 0.6012842655181885, 0.7955787181854248, 0.2233065962791443, 0.41266632080078125, 0.3401162922382355, 0.7819002270698547, 0.4347420334815979, 0.9588147401809692, 0.4764062166213989, 0.8527445197105408, 0.6807111501693726, 0.7969672083854675, 0.6712555289268494, 0.17484134435653687, 0.8124101758003235, 0.5562861561775208, 0.537605881690979, 0.49587517976760864, 0.19761043787002563, 0.8868741393089294, 0.9297025799751282, 0.5878123044967651]",data/llm/steering_vectors/steering_truthfulqa_llama-3.1-8b-instruct_pca_layer30_alpha8.0_both.npy
pca,31,2.0,both,0.6233766233766234,"[1, 1, 1, 0, 1, 0, 1, 1, 0, 0, 0, 1, 0, 1, 0, 0, 1, 1, 0, 0, 0, 1, 1, 0, 0, 1, 1, 1, 1, 0, 1, 1, 0, 0, 1, 0, 1, 1, 1, 1, 1, 1, 0, 1, 1, 0, 1, 1, 1, 1, 0, 1, 1, 0, 1, 1, 1, 0, 0, 0, 1, 0, 1, 1, 1, 1, 1, 1, 0, 1, 1, 0, 1, 0, 1, 1, 0]","[0.6776994466781616, 0.9559810757637024, 0.9979283809661865, 0.054393429309129715, 0.8480262756347656, 0.40195921063423157, 0.7189229130744934, 0.536626398563385, 0.11792800575494766, 0.39206036925315857, 0.43227967619895935, 0.6676705479621887, 0.25586262345314026, 0.8549407124519348, 0.35352280735969543, 0.07656107097864151, 0.564188539981842, 0.6359783411026001, 0.17519357800483704, 0.45814839005470276, 0.40950676798820496, 0.8373429775238037, 0.8169206976890564, 0.07355382293462753, 0.339995801448822, 0.8028319478034973, 0.5016522407531738, 0.8322778940200806, 0.7706124782562256, 0.4401412010192871, 0.9457516074180603, 0.6568302512168884, 0.49174240231513977, 0.43677547574043274, 0.5668776035308838, 0.3207028806209564, 0.7525947690010071, 0.5078666806221008, 0.8327659368515015, 0.7902033925056458, 0.9562634825706482, 0.5948551297187805, 0.19625785946846008, 0.5154532194137573, 0.5121865272521973, 0.48512133955955505, 0.8060693144798279, 0.5361544489860535, 0.7855048179626465, 0.9504550695419312, 0.24517148733139038, 0.5566165447235107, 0.6868777275085449, 0.22292771935462952, 0.6118037700653076, 0.5593436360359192, 0.8352007269859314, 0.16105563938617706, 0.4655179977416992, 0.24661946296691895, 0.701722264289856, 0.45081692934036255, 0.8580842614173889, 0.5429181456565857, 0.6694309115409851, 0.7552299499511719, 0.801153302192688, 0.7615886926651001, 0.1955682784318924, 0.7087971568107605, 0.8637376427650452, 0.4196080267429352, 0.5858566164970398, 0.29986268281936646, 0.8940262198448181, 0.8437203764915466, 0.48144811391830444]",data/llm/steering_vectors/steering_truthfulqa_llama-3.1-8b-instruct_pca_layer31_alpha2.0_both.npy
pca,31,4.0,both,0.5974025974025974,"[1, 1, 1, 0, 1, 0, 1, 1, 0, 0, 0, 1, 0, 1, 0, 0, 1, 1, 0, 0, 0, 1, 1, 0, 0, 1, 0, 1, 1, 0, 1, 1, 0, 0, 1, 0, 1, 0, 1, 1, 1, 1, 0, 1, 1, 0, 1, 1, 1, 1, 0, 1, 1, 0, 1, 1, 1, 0, 0, 0, 1, 0, 1, 1, 1, 1, 1, 1, 0, 1, 1, 0, 1, 0, 1, 1, 0]","[0.644819438457489, 0.9599859714508057, 0.9985174536705017, 0.05826614424586296, 0.8560689091682434, 0.4008936583995819, 0.7120312452316284, 0.5360463261604309, 0.12398950755596161, 0.38775327801704407, 0.45747944712638855, 0.6784883737564087, 0.24745354056358337, 0.8726857304573059, 0.3827505111694336, 0.063870370388031, 0.5374202728271484, 0.6305147409439087, 0.16595210134983063, 0.4766862094402313, 0.3913891315460205, 0.8581750392913818, 0.809938907623291, 0.06566133350133896, 0.3434913754463196, 0.8139880895614624, 0.492827445268631, 0.8451959490776062, 0.7695544362068176, 0.4124622046947479, 0.950647234916687, 0.6501896977424622, 0.484418660402298, 0.4552133083343506, 0.5806707143783569, 0.2910524904727936, 0.7571465373039246, 0.4940173923969269, 0.8415012359619141, 0.8056313991546631, 0.9598581194877625, 0.6038213968276978, 0.21135607361793518, 0.520275890827179, 0.5200178623199463, 0.47960081696510315, 0.8193179965019226, 0.5480145215988159, 0.7793211936950684, 0.9576042890548706, 0.23034948110580444, 0.5720122456550598, 0.7136573195457458, 0.21004287898540497, 0.6186688542366028, 0.573189914226532, 0.8403350114822388, 0.15878485143184662, 0.4686638116836548, 0.24612364172935486, 0.7140134572982788, 0.4647117555141449, 0.8663585782051086, 0.5348734855651855, 0.6825423836708069, 0.7612602114677429, 0.8241459131240845, 0.7568224668502808, 0.1995098739862442, 0.7241736650466919, 0.8579115867614746, 0.4132639169692993, 0.5851358771324158, 0.31149721145629883, 0.894985020160675, 0.8429806232452393, 0.47191956639289856]",data/llm/steering_vectors/steering_truthfulqa_llama-3.1-8b-instruct_pca_layer31_alpha4.0_both.npy
pca,31,6.0,both,0.6103896103896104,"[1, 1, 1, 0, 1, 0, 1, 1, 0, 0, 0, 1, 0, 1, 0, 0, 1, 1, 0, 1, 0, 1, 1, 0, 0, 1, 0, 1, 1, 0, 1, 1, 0, 0, 1, 0, 1, 0, 1, 1, 1, 1, 0, 1, 1, 0, 1, 1, 1, 1, 0, 1, 1, 0, 1, 1, 1, 0, 0, 0, 1, 0, 1, 1, 1, 1, 1, 1, 0, 1, 1, 0, 1, 0, 1, 1, 0]","[0.6082273125648499, 0.9632777571678162, 0.9989288449287415, 0.06437365710735321, 0.8656898140907288, 0.4047900438308716, 0.7063609957695007, 0.5271292328834534, 0.13065262138843536, 0.37021294236183167, 0.4798155128955841, 0.69086754322052, 0.24823471903800964, 0.8855013847351074, 0.42296913266181946, 0.055444348603487015, 0.5000066757202148, 0.6284492611885071, 0.1625652313232422, 0.5123046636581421, 0.3684767186641693, 0.8759939074516296, 0.8005918860435486, 0.05759024992585182, 0.3637722134590149, 0.831375241279602, 0.47796347737312317, 0.8594450354576111, 0.7691632509231567, 0.379518061876297, 0.9528625011444092, 0.6593640446662903, 0.492889404296875, 0.4827244281768799, 0.5903881192207336, 0.26752549409866333, 0.7589659094810486, 0.4869929254055023, 0.8615882992744446, 0.8193429112434387, 0.96275395154953, 0.6054842472076416, 0.2473267912864685, 0.5237119793891907, 0.5325096249580383, 0.47855785489082336, 0.8356441259384155, 0.5463628172874451, 0.7719813585281372, 0.9688524007797241, 0.20956885814666748, 0.5824854969978333, 0.7433179616928101, 0.19893112778663635, 0.6288785338401794, 0.5820572376251221, 0.8495886325836182, 0.16185849905014038, 0.46551230549812317, 0.24767738580703735, 0.7405131459236145, 0.47748368978500366, 0.8764223456382751, 0.5272979736328125, 0.7135770916938782, 0.7605857253074646, 0.8417700529098511, 0.7624836564064026, 0.20235851407051086, 0.740045964717865, 0.8638373613357544, 0.4064174294471741, 0.5873875617980957, 0.31575945019721985, 0.8934792876243591, 0.8467558026313782, 0.4643227458000183]",data/llm/steering_vectors/steering_truthfulqa_llama-3.1-8b-instruct_pca_layer31_alpha6.0_both.npy
pca,31,8.0,both,0.6363636363636364,"[1, 1, 1, 0, 1, 0, 1, 1, 0, 0, 1, 1, 0, 1, 0, 0, 0, 1, 0, 1, 0, 1, 1, 0, 0, 1, 0, 1, 1, 0, 1, 1, 1, 1, 1, 0, 1, 0, 1, 1, 1, 1, 0, 1, 1, 0, 1, 1, 1, 1, 0, 1, 1, 0, 1, 1, 1, 0, 0, 0, 1, 0, 1, 1, 1, 1, 1, 1, 0, 1, 1, 0, 1, 0, 1, 1, 0]","[0.5728618502616882, 0.9659773111343384, 0.9991998076438904, 0.07114169746637344, 0.8749411106109619, 0.41552403569221497, 0.7008456587791443, 0.5121603012084961, 0.13542959094047546, 0.3449811041355133, 0.500028133392334, 0.6971185803413391, 0.2557750940322876, 0.8947319984436035, 0.4587266147136688, 0.04939091205596924, 0.45182862877845764, 0.6341880559921265, 0.16291293501853943, 0.55916827917099, 0.34125441312789917, 0.8896886110305786, 0.7901523113250732, 0.050497911870479584, 0.4007219076156616, 0.8536500930786133, 0.4625536799430847, 0.8736993074417114, 0.7699546813964844, 0.3412938416004181, 0.9524441361427307, 0.6767676472663879, 0.5074905753135681, 0.517681360244751, 0.5951888561248779, 0.2529599368572235, 0.7601168751716614, 0.4849998354911804, 0.8884626030921936, 0.8311330080032349, 0.9648128747940063, 0.6032193899154663, 0.2994127571582794, 0.5262248516082764, 0.5389841794967651, 0.479853093624115, 0.8510493636131287, 0.531791627407074, 0.7647005319595337, 0.9795698523521423, 0.18679316341876984, 0.5894389748573303, 0.772727370262146, 0.18661274015903473, 0.6473132967948914, 0.5785667896270752, 0.8631640672683716, 0.16676311194896698, 0.458894282579422, 0.25229334831237793, 0.7732535004615784, 0.48772868514060974, 0.8882479071617126, 0.5185756683349609, 0.7523254752159119, 0.7547222375869751, 0.8542303442955017, 0.7677005529403687, 0.2028987556695938, 0.7569594979286194, 0.8745561838150024, 0.39777347445487976, 0.5903540253639221, 0.30692410469055176, 0.8920244574546814, 0.8570042848587036, 0.45693981647491455]",data/llm/steering_vectors/steering_truthfulqa_llama-3.1-8b-instruct_pca_layer31_alpha8.0_both.npy
mean,28,2.0,both,0.4935064935064935,"[0, 1, 1, 0, 1, 0, 0, 1, 0, 1, 0, 0, 1, 0, 0, 1, 0, 0, 0, 0, 1, 0, 1, 0, 1, 0, 1, 0, 1, 1, 1, 1, 1, 0, 1, 0, 1, 0, 1, 1, 1, 1, 0, 0, 1, 0, 1, 0, 1, 1, 1, 1, 0, 0, 1, 0, 1, 1, 0, 1, 1, 0, 0, 0, 0, 0, 0, 1, 0, 1, 1, 0, 0, 0, 1, 1, 0]","[0.061559975147247314, 0.8974809050559998, 0.9167174100875854, 0.012464724481105804, 0.745214581489563, 0.4298175573348999, 0.1604423224925995, 0.7430853247642517, 0.3752283751964569, 0.6029301881790161, 0.04074558988213539, 0.3278197944164276, 0.9405714869499207, 0.1791260689496994, 0.33366453647613525, 0.7683994770050049, 0.387938916683197, 0.32753050327301025, 0.34463101625442505, 0.4134167730808258, 0.6230470538139343, 0.1932045966386795, 0.6973863244056702, 0.192810520529747, 0.7116736173629761, 0.2136455774307251, 0.5594415664672852, 0.12032883614301682, 0.7981396317481995, 0.9834861755371094, 0.938345730304718, 0.8543714284896851, 0.7029117345809937, 0.257364422082901, 0.7718730568885803, 0.2946387529373169, 0.8005350232124329, 0.21151843667030334, 0.678878128528595, 0.6218271255493164, 0.9802631735801697, 0.530654788017273, 0.05904949828982353, 0.23486527800559998, 0.5393986105918884, 0.4243733584880829, 0.7878451347351074, 0.21442478895187378, 0.8169893622398376, 0.6877201199531555, 0.707728385925293, 0.8159748315811157, 0.1350439339876175, 0.2960570454597473, 0.7876697778701782, 0.4547734558582306, 0.6001741886138916, 0.9043155908584595, 0.4015154540538788, 0.679500937461853, 0.612321674823761, 0.41555023193359375, 0.16955044865608215, 0.37741005420684814, 0.47250211238861084, 0.3858432173728943, 0.261081725358963, 0.8510644435882568, 0.15094755589962006, 0.5984010696411133, 0.9547033309936523, 0.021234050393104553, 0.35118913650512695, 0.12464534491300583, 0.9437153935432434, 0.957095742225647, 0.36668717861175537]",data/llm/steering_vectors/steering_truthfulqa_llama-3.1-8b-instruct_mean_layer28_alpha2.0_both.npy
mean,28,4.0,both,0.44155844155844154,"[0, 1, 0, 0, 1, 0, 0, 1, 1, 1, 0, 0, 1, 0, 1, 1, 1, 1, 0, 0, 1, 0, 1, 1, 0, 0, 0, 0, 1, 1, 1, 1, 0, 0, 1, 0, 1, 0, 0, 0, 1, 0, 0, 0, 0, 0, 1, 0, 1, 0, 1, 0, 0, 0, 1, 1, 0, 1, 0, 0, 1, 1, 0, 1, 1, 0, 0, 1, 0, 1, 0, 0, 0, 0, 1, 1, 0]","[0.3150595426559448, 0.5972439050674438, 0.24472208321094513, 0.16084598004817963, 0.6987738609313965, 0.33748069405555725, 0.24834810197353363, 0.5145944356918335, 0.6781918406486511, 0.5822484493255615, 0.2299012392759323, 0.18644140660762787, 0.6360452175140381, 0.27025237679481506, 0.5186527371406555, 0.6867698431015015, 0.5585386157035828, 0.520526111125946, 0.40142127871513367, 0.47323307394981384, 0.6775758266448975, 0.4197726845741272, 0.5538594722747803, 0.8101444244384766, 0.3679509162902832, 0.21993377804756165, 0.37745681405067444, 0.22013019025325775, 0.5699428915977478, 0.9508410692214966, 0.8200876116752625, 0.7001374959945679, 0.3898575007915497, 0.2520029544830322, 0.566128671169281, 0.24418042600154877, 0.6142374277114868, 0.3352311849594116, 0.35296109318733215, 0.49612462520599365, 0.6069861054420471, 0.44513189792633057, 0.19442276656627655, 0.43663376569747925, 0.31249579787254333, 0.4470069110393524, 0.6517733931541443, 0.49866822361946106, 0.6330081224441528, 0.25603368878364563, 0.6163160800933838, 0.4395386874675751, 0.2034595012664795, 0.4373601973056793, 0.6357373595237732, 0.5201490521430969, 0.4464987516403198, 0.55448317527771, 0.4324633777141571, 0.4582793414592743, 0.5613632202148438, 0.5678423047065735, 0.29472634196281433, 0.5451939702033997, 0.7700166702270508, 0.4170551598072052, 0.33530133962631226, 0.5213536024093628, 0.4852829873561859, 0.5449437499046326, 0.482951819896698, 0.1714344024658203, 0.487062931060791, 0.32875585556030273, 0.7259701490402222, 0.7768498659133911, 0.28620803356170654]",data/llm/steering_vectors/steering_truthfulqa_llama-3.1-8b-instruct_mean_layer28_alpha4.0_both.npy
mean,28,6.0,both,0.38961038961038963,"[0, 1, 0, 0, 1, 0, 0, 0, 1, 1, 0, 0, 1, 0, 1, 1, 1, 0, 0, 0, 1, 0, 1, 1, 0, 0, 0, 0, 0, 1, 1, 1, 0, 0, 0, 0, 1, 0, 0, 0, 1, 0, 0, 0, 0, 0, 1, 1, 1, 0, 0, 0, 0, 0, 1, 1, 0, 0, 1, 0, 0, 1, 0, 1, 1, 0, 0, 1, 1, 0, 1, 0, 1, 0, 0, 1, 0]","[0.24712210893630981, 0.5256465673446655, 0.30516746640205383, 0.2570157051086426, 0.5353394746780396, 0.3280920088291168, 0.2680880129337311, 0.46546101570129395, 0.6739580631256104, 0.5225555300712585, 0.22612324357032776, 0.21031883358955383, 0.5758351683616638, 0.3714199960231781, 0.5201085805892944, 0.5254035592079163, 0.5417919158935547, 0.4889443814754486, 0.37651902437210083, 0.47339093685150146, 0.6654844284057617, 0.3967054784297943, 0.5159376263618469, 0.6134791970252991, 0.32570943236351013, 0.24351170659065247, 0.42077159881591797, 0.22032098472118378, 0.3639349341392517, 0.7219504117965698, 0.6776601076126099, 0.7333261370658875, 0.4188440442085266, 0.3422275483608246, 0.4827839434146881, 0.22504183650016785, 0.5471356511116028, 0.48234865069389343, 0.29692453145980835, 0.3886420428752899, 0.5654552578926086, 0.36693280935287476, 0.25512340664863586, 0.49663594365119934, 0.28849920630455017, 0.4534584879875183, 0.6192954778671265, 0.6289873719215393, 0.6832712888717651, 0.43183571100234985, 0.4286995232105255, 0.42190349102020264, 0.20094068348407745, 0.39389491081237793, 0.5252922177314758, 0.5517067313194275, 0.3540368974208832, 0.3798653483390808, 0.5037328600883484, 0.40659987926483154, 0.39106884598731995, 0.5784579515457153, 0.2834922969341278, 0.6995367407798767, 0.8585472702980042, 0.47454220056533813, 0.3484298884868622, 0.5038294196128845, 0.5197650790214539, 0.4825986623764038, 0.7479163408279419, 0.1851404458284378, 0.5157637596130371, 0.4930269420146942, 0.46555548906326294, 0.7669227719306946, 0.31742149591445923]",data/llm/steering_vectors/steering_truthfulqa_llama-3.1-8b-instruct_mean_layer28_alpha6.0_both.npy
mean,28,8.0,both,0.4155844155844156,"[0, 1, 0, 0, 0, 0, 0, 0, 1, 1, 0, 0, 1, 0, 1, 0, 1, 0, 0, 1, 1, 0, 1, 1, 0, 0, 0, 0, 0, 1, 1, 1, 0, 0, 0, 0, 0, 1, 0, 0, 1, 0, 0, 1, 0, 0, 1, 1, 1, 1, 0, 0, 0, 0, 1, 1, 0, 0, 1, 0, 0, 1, 0, 1, 1, 1, 0, 0, 1, 0, 1, 0, 1, 1, 0, 1, 0]","[0.23389703035354614, 0.594491720199585, 0.3265373110771179, 0.280900239944458, 0.4895745515823364, 0.31809261441230774, 0.2935587167739868, 0.443586528301239, 0.6665724515914917, 0.5234905481338501, 0.27794817090034485, 0.25765907764434814, 0.5337845683097839, 0.4002845287322998, 0.513375461101532, 0.4146965444087982, 0.5117089748382568, 0.4775995910167694, 0.3949049115180969, 0.5208142995834351, 0.6589438319206238, 0.41330045461654663, 0.5659501552581787, 0.597806453704834, 0.35477396845817566, 0.29082250595092773, 0.4449380338191986, 0.2573694884777069, 0.35574430227279663, 0.5513206124305725, 0.6466584801673889, 0.7555937170982361, 0.43510228395462036, 0.4403460919857025, 0.435820609331131, 0.22294357419013977, 0.48421645164489746, 0.5920392870903015, 0.35945919156074524, 0.3758963942527771, 0.6055631041526794, 0.35421839356422424, 0.3305839002132416, 0.5088048577308655, 0.2934141755104065, 0.4577329456806183, 0.5894110798835754, 0.6747026443481445, 0.6525651812553406, 0.5292828679084778, 0.38617053627967834, 0.42264890670776367, 0.25109386444091797, 0.4041363000869751, 0.5158169269561768, 0.5660468935966492, 0.3683963716030121, 0.34711596369743347, 0.5190132856369019, 0.4008730351924896, 0.41483381390571594, 0.5757226943969727, 0.26588064432144165, 0.7004777789115906, 0.8622249364852905, 0.5022807121276855, 0.3985600471496582, 0.40720540285110474, 0.5042096972465515, 0.44556745886802673, 0.7795300483703613, 0.24552004039287567, 0.5067790150642395, 0.5141646862030029, 0.4535178542137146, 0.7521130442619324, 0.3565335273742676]",data/llm/steering_vectors/steering_truthfulqa_llama-3.1-8b-instruct_mean_layer28_alpha8.0_both.npy
mean,29,2.0,both,0.6233766233766234,"[0, 1, 1, 0, 1, 1, 0, 1, 0, 0, 0, 0, 1, 0, 0, 1, 0, 0, 0, 0, 1, 0, 1, 0, 1, 1, 0, 0, 1, 1, 1, 1, 1, 0, 1, 0, 1, 1, 1, 1, 1, 1, 0, 0, 1, 0, 1, 1, 1, 1, 1, 1, 0, 0, 1, 0, 1, 1, 1, 1, 1, 1, 1, 1, 1, 0, 1, 1, 0, 1, 1, 0, 1, 0, 1, 1, 1]","[0.25500035285949707, 0.8405973315238953, 0.9788134098052979, 0.047251343727111816, 0.6984779238700867, 0.5139405131340027, 0.34625113010406494, 0.6002265810966492, 0.25145646929740906, 0.4179397225379944, 0.11230673640966415, 0.46120259165763855, 0.8575927019119263, 0.3116651475429535, 0.375784307718277, 0.6008968949317932, 0.37206506729125977, 0.3485303521156311, 0.3059348464012146, 0.43349146842956543, 0.5947163105010986, 0.47658535838127136, 0.6942628026008606, 0.08870697766542435, 0.5971938967704773, 0.5012578964233398, 0.34787043929100037, 0.2173037827014923, 0.8733546137809753, 0.9101552367210388, 0.9387463331222534, 0.9082496166229248, 0.5042682886123657, 0.46707966923713684, 0.7694898247718811, 0.3987644612789154, 0.7474538087844849, 0.5602763891220093, 0.7284161448478699, 0.7303691506385803, 0.9464462995529175, 0.5392531156539917, 0.38162457942962646, 0.47435104846954346, 0.50340336561203, 0.4276445806026459, 0.6922672390937805, 0.5732281804084778, 0.8454108834266663, 0.8503955602645874, 0.5325229167938232, 0.6684656739234924, 0.29900625348091125, 0.3220314681529999, 0.7386293411254883, 0.4564805328845978, 0.6144733428955078, 0.8375006318092346, 0.7146062850952148, 0.518900454044342, 0.7406008839607239, 0.5135300755500793, 0.5134142637252808, 0.6029788255691528, 0.8037571907043457, 0.4692889153957367, 0.5542965531349182, 0.8961719870567322, 0.21174150705337524, 0.6942567229270935, 0.9675551056861877, 0.11423142999410629, 0.6442590355873108, 0.230003222823143, 0.9131792783737183, 0.8846423625946045, 0.6455739140510559]",data/llm/steering_vectors/steering_truthfulqa_llama-3.1-8b-instruct_mean_layer29_alpha2.0_both.npy
mean,29,4.0,both,0.5064935064935064,"[1, 0, 0, 0, 1, 0, 1, 1, 0, 0, 0, 0, 1, 0, 0, 1, 1, 0, 0, 1, 1, 0, 1, 0, 0, 0, 0, 0, 1, 1, 1, 1, 0, 0, 1, 0, 1, 1, 0, 0, 1, 0, 0, 0, 0, 0, 1, 0, 1, 0, 1, 1, 0, 1, 1, 1, 0, 1, 1, 0, 1, 1, 1, 1, 1, 0, 1, 1, 0, 0, 1, 0, 1, 0, 1, 1, 1]","[0.6420477032661438, 0.41065728664398193, 0.488532155752182, 0.36828500032424927, 0.6761260032653809, 0.4966922104358673, 0.5587392449378967, 0.5421004295349121, 0.4619605839252472, 0.4562644958496094, 0.31208348274230957, 0.18866941332817078, 0.6657366752624512, 0.35632526874542236, 0.4825112521648407, 0.8003352880477905, 0.5592639446258545, 0.37214505672454834, 0.40172722935676575, 0.5304175019264221, 0.7468531131744385, 0.4721263349056244, 0.6388165354728699, 0.05869019404053688, 0.23769135773181915, 0.3088158369064331, 0.36304771900177, 0.29164355993270874, 0.7102934122085571, 0.5551003217697144, 0.7588603496551514, 0.8229654431343079, 0.3386172950267792, 0.47248026728630066, 0.5887970328330994, 0.37275758385658264, 0.5600818395614624, 0.5976897478103638, 0.3521856665611267, 0.36107802391052246, 0.5870972275733948, 0.46773916482925415, 0.3624851107597351, 0.429997056722641, 0.47573354840278625, 0.4117422103881836, 0.574114978313446, 0.4598034918308258, 0.6321249604225159, 0.23842237889766693, 0.5258263349533081, 0.6140123009681702, 0.4471293091773987, 0.5115519762039185, 0.6441813707351685, 0.5394647121429443, 0.4603725075721741, 0.737226128578186, 0.6326468586921692, 0.4494466781616211, 0.620866596698761, 0.5313432812690735, 0.6126618981361389, 0.6669233441352844, 0.8142030835151672, 0.4361784756183624, 0.6255373358726501, 0.9825465679168701, 0.39763593673706055, 0.3599914312362671, 0.978742241859436, 0.4045726954936981, 0.7341604828834534, 0.46489420533180237, 0.6261391639709473, 0.5604363679885864, 0.7515772581100464]",data/llm/steering_vectors/steering_truthfulqa_llama-3.1-8b-instruct_mean_layer29_alpha4.0_both.npy
mean,29,6.0,both,0.4025974025974026,"[0, 0, 0, 0, 1, 0, 0, 1, 1, 0, 0, 0, 1, 0, 1, 1, 0, 0, 0, 1, 1, 1, 1, 0, 0, 0, 0, 0, 0, 0, 1, 1, 0, 1, 0, 0, 1, 1, 0, 0, 1, 0, 0, 0, 0, 0, 1, 1, 1, 0, 0, 1, 0, 0, 1, 0, 0, 1, 1, 0, 0, 1, 0, 1, 1, 0, 0, 1, 0, 0, 1, 0, 1, 0, 0, 1, 1]","[0.3858819305896759, 0.35590144991874695, 0.47168779373168945, 0.4405181407928467, 0.5164506435394287, 0.49318593740463257, 0.44362491369247437, 0.5128598213195801, 0.5910293459892273, 0.3580187261104584, 0.32201170921325684, 0.20190373063087463, 0.5798035860061646, 0.3581298589706421, 0.5072054266929626, 0.6593601703643799, 0.45237502455711365, 0.349037230014801, 0.37320879101753235, 0.5916605591773987, 0.7428681254386902, 0.5230511426925659, 0.500990629196167, 0.04610493779182434, 0.2479216307401657, 0.24235548079013824, 0.4846263825893402, 0.29470038414001465, 0.4878792464733124, 0.3104355037212372, 0.6032313108444214, 0.7822936773300171, 0.4169612228870392, 0.5876200795173645, 0.44876620173454285, 0.35712796449661255, 0.5001373291015625, 0.6273068189620972, 0.3413804769515991, 0.31037625670433044, 0.6451369524002075, 0.38553279638290405, 0.24750098586082458, 0.4144240915775299, 0.3912644386291504, 0.4202396273612976, 0.5004842281341553, 0.5143061876296997, 0.6376451253890991, 0.33504101634025574, 0.4655483365058899, 0.5854122638702393, 0.3218541145324707, 0.47218456864356995, 0.5688450932502747, 0.4591260850429535, 0.360554575920105, 0.5560203790664673, 0.585927426815033, 0.3860686123371124, 0.27826350927352905, 0.5925712585449219, 0.37955623865127563, 0.6500252485275269, 0.7624779939651489, 0.46228834986686707, 0.45377635955810547, 0.9762609601020813, 0.4809800386428833, 0.35038143396377563, 0.9854264259338379, 0.3112224042415619, 0.6667752861976624, 0.4369293749332428, 0.39343053102493286, 0.6232340335845947, 0.6482889652252197]",data/llm/steering_vectors/steering_truthfulqa_llama-3.1-8b-instruct_mean_layer29_alpha6.0_both.npy
mean,29,8.0,both,0.3246753246753247,"[0, 0, 0, 0, 0, 0, 0, 0, 1, 0, 0, 0, 1, 0, 1, 1, 0, 0, 0, 1, 1, 1, 0, 0, 0, 0, 1, 0, 0, 0, 0, 1, 0, 1, 0, 0, 0, 1, 0, 0, 1, 0, 0, 0, 0, 0, 0, 1, 1, 0, 0, 1, 0, 0, 1, 0, 0, 0, 1, 0, 0, 1, 0, 1, 1, 0, 0, 1, 0, 0, 1, 0, 1, 0, 0, 1, 1]","[0.25953230261802673, 0.3349776864051819, 0.4675254821777344, 0.40862491726875305, 0.45668354630470276, 0.4878092408180237, 0.4540503919124603, 0.48584938049316406, 0.664070725440979, 0.32071325182914734, 0.355260968208313, 0.26232680678367615, 0.5392064452171326, 0.3686520457267761, 0.5224446654319763, 0.5841159820556641, 0.430582195520401, 0.39680248498916626, 0.38259729743003845, 0.6128361225128174, 0.7007459998130798, 0.5753254294395447, 0.4145398437976837, 0.06696023792028427, 0.2733059227466583, 0.238986998796463, 0.515684962272644, 0.35879456996917725, 0.41787078976631165, 0.25209230184555054, 0.4588059186935425, 0.6879158616065979, 0.42061421275138855, 0.6045384407043457, 0.33953049778938293, 0.30339571833610535, 0.4617879390716553, 0.5906166434288025, 0.3801969885826111, 0.2874487042427063, 0.6662898659706116, 0.3421412408351898, 0.2865334749221802, 0.459425687789917, 0.3114113509654999, 0.4167511761188507, 0.4563600718975067, 0.574658215045929, 0.571317732334137, 0.39697325229644775, 0.42249348759651184, 0.560984194278717, 0.30817925930023193, 0.4844782054424286, 0.5520574450492859, 0.40029048919677734, 0.3363093435764313, 0.41435903310775757, 0.532229483127594, 0.3089011311531067, 0.1884797066450119, 0.6079291701316833, 0.29401102662086487, 0.5862670540809631, 0.7380031943321228, 0.49783042073249817, 0.4352370798587799, 0.960176408290863, 0.4934968054294586, 0.35210496187210083, 0.9804661870002747, 0.3157603144645691, 0.6099560260772705, 0.41940203309059143, 0.36376431584358215, 0.6209848523139954, 0.5682204365730286]",data/llm/steering_vectors/steering_truthfulqa_llama-3.1-8b-instruct_mean_layer29_alpha8.0_both.npy
mean,30,2.0,both,0.7012987012987013,"[1, 1, 1, 0, 1, 1, 1, 0, 0, 0, 0, 1, 1, 1, 0, 0, 1, 1, 0, 0, 0, 1, 1, 0, 1, 1, 0, 1, 1, 1, 1, 1, 0, 1, 1, 0, 1, 0, 1, 1, 1, 0, 1, 1, 0, 1, 1, 1, 1, 1, 1, 1, 1, 0, 1, 0, 1, 0, 1, 0, 1, 1, 1, 1, 1, 1, 1, 1, 0, 1, 1, 1, 1, 0, 1, 1, 1]","[0.9256426692008972, 0.9077003598213196, 0.9740568995475769, 0.23592814803123474, 0.9146093130111694, 0.6509506106376648, 0.6264607906341553, 0.4501582682132721, 0.16315147280693054, 0.33193323016166687, 0.3853828012943268, 0.6115333437919617, 0.6174036264419556, 0.6048523783683777, 0.39380133152008057, 0.25800561904907227, 0.6102867722511292, 0.7965486645698547, 0.39613044261932373, 0.39222636818885803, 0.457236111164093, 0.7395628094673157, 0.8083145022392273, 0.018101993948221207, 0.5824027061462402, 0.7076462507247925, 0.1851656138896942, 0.5116241574287415, 0.7294695377349854, 0.8017756342887878, 0.8940587639808655, 0.8517352938652039, 0.10511298477649689, 0.5504010915756226, 0.5416955947875977, 0.34169381856918335, 0.7794164419174194, 0.4273509979248047, 0.7775744199752808, 0.834893524646759, 0.8826552629470825, 0.4603540599346161, 0.5214718580245972, 0.6450489163398743, 0.3950142562389374, 0.6124405264854431, 0.9076926708221436, 0.5062791705131531, 0.8609728217124939, 0.9604706764221191, 0.502845048904419, 0.7029354572296143, 0.8328670859336853, 0.1676495373249054, 0.617699146270752, 0.3807823359966278, 0.7975377440452576, 0.3833673894405365, 0.6877697110176086, 0.21000805497169495, 0.9221742749214172, 0.5030819773674011, 0.9456096291542053, 0.8829750418663025, 0.8528605699539185, 0.6390728950500488, 0.9018043875694275, 0.9669539928436279, 0.2562401294708252, 0.6406397819519043, 0.9626510739326477, 0.635776937007904, 0.8516417145729065, 0.443642795085907, 0.8083167672157288, 0.805432915687561, 0.8559955954551697]",data/llm/steering_vectors/steering_truthfulqa_llama-3.1-8b-instruct_mean_layer30_alpha2.0_both.npy
mean,30,4.0,both,0.7012987012987013,"[1, 1, 1, 1, 1, 1, 1, 0, 0, 0, 1, 1, 0, 0, 0, 0, 1, 1, 0, 1, 1, 1, 1, 0, 0, 1, 0, 1, 1, 0, 1, 1, 0, 1, 1, 0, 1, 1, 1, 1, 1, 0, 0, 1, 1, 1, 1, 1, 1, 1, 0, 1, 1, 0, 1, 0, 1, 0, 1, 0, 1, 1, 1, 1, 1, 1, 1, 1, 0, 1, 1, 1, 1, 1, 0, 1, 1]","[0.9077067375183105, 0.5774678587913513, 0.929286539554596, 0.8061116933822632, 0.8615431785583496, 0.7773546576499939, 0.7403767704963684, 0.48276054859161377, 0.1818879097700119, 0.2926090955734253, 0.5681453347206116, 0.5592514872550964, 0.28382015228271484, 0.4822719991207123, 0.4488895833492279, 0.29665783047676086, 0.7372758388519287, 0.8946806192398071, 0.4227287769317627, 0.5370233654975891, 0.521165132522583, 0.675574004650116, 0.8003920316696167, 0.004782257601618767, 0.4691900908946991, 0.7176021337509155, 0.3049505650997162, 0.7785095572471619, 0.5661436319351196, 0.04960520565509796, 0.6876083016395569, 0.6579952836036682, 0.08680836111307144, 0.5775693655014038, 0.5033439993858337, 0.37240174412727356, 0.5811819434165955, 0.7057411074638367, 0.5102734565734863, 0.634341835975647, 0.8605074882507324, 0.3179827630519867, 0.4354757070541382, 0.5332721471786499, 0.5620882511138916, 0.6003210544586182, 0.8435203433036804, 0.5660480260848999, 0.8326301574707031, 0.9031500220298767, 0.3289545476436615, 0.606316328048706, 0.8011260032653809, 0.29218801856040955, 0.5698755383491516, 0.33737918734550476, 0.8323378562927246, 0.38548535108566284, 0.8302688598632812, 0.3288463354110718, 0.6550403833389282, 0.5777782797813416, 0.8831129670143127, 0.7623341679573059, 0.7755908966064453, 0.5900892019271851, 0.8669044375419617, 0.9714459776878357, 0.4079989492893219, 0.6334452629089355, 0.9962918758392334, 0.8919664025306702, 0.8662572503089905, 0.7128397226333618, 0.4304423928260803, 0.5926790237426758, 0.7776084542274475]",data/llm/steering_vectors/steering_truthfulqa_llama-3.1-8b-instruct_mean_layer30_alpha4.0_both.npy
mean,30,6.0,both,0.6623376623376623,"[1, 0, 1, 1, 1, 1, 1, 1, 0, 0, 1, 0, 0, 0, 0, 0, 1, 1, 0, 1, 0, 1, 1, 0, 1, 1, 0, 1, 1, 0, 1, 1, 0, 1, 0, 0, 1, 1, 1, 1, 1, 0, 0, 0, 1, 1, 1, 1, 1, 1, 0, 1, 1, 0, 1, 0, 1, 0, 1, 0, 0, 1, 1, 1, 1, 1, 1, 1, 1, 1, 1, 1, 1, 1, 0, 1, 1]","[0.7726921439170837, 0.42746439576148987, 0.9323497414588928, 0.8728018999099731, 0.789243221282959, 0.8137110471725464, 0.7796847820281982, 0.5075992345809937, 0.18512402474880219, 0.24027009308338165, 0.6624540686607361, 0.46639224886894226, 0.22520022094249725, 0.42631223797798157, 0.46881672739982605, 0.23885902762413025, 0.7298219203948975, 0.9061064124107361, 0.4076281189918518, 0.6909917593002319, 0.49922993779182434, 0.6847031712532043, 0.6871910691261292, 0.002721542026847601, 0.5772128701210022, 0.768574059009552, 0.41230830550193787, 0.8532721996307373, 0.5010957717895508, 0.006503847893327475, 0.5247262120246887, 0.5892852544784546, 0.09301728755235672, 0.6666646599769592, 0.3538402020931244, 0.4329903721809387, 0.5299689769744873, 0.8259061574935913, 0.5257787704467773, 0.5043538808822632, 0.879686176776886, 0.29447880387306213, 0.49024179577827454, 0.4791266918182373, 0.6263701915740967, 0.5624989867210388, 0.7646129727363586, 0.7137193083763123, 0.7892888784408569, 0.8908262848854065, 0.2530500888824463, 0.5706930756568909, 0.6804018020629883, 0.34864991903305054, 0.6211666464805603, 0.34730055928230286, 0.848127007484436, 0.3379725515842438, 0.8841952681541443, 0.396192729473114, 0.34864771366119385, 0.6075690388679504, 0.8002075552940369, 0.6623166799545288, 0.7464192509651184, 0.554119884967804, 0.8291045427322388, 0.9742380976676941, 0.5321530103683472, 0.6991613507270813, 0.9987106323242188, 0.9212313294410706, 0.8318483233451843, 0.7590544819831848, 0.41593220829963684, 0.6237949728965759, 0.6328657865524292]",data/llm/steering_vectors/steering_truthfulqa_llama-3.1-8b-instruct_mean_layer30_alpha6.0_both.npy
mean,30,8.0,both,0.6233766233766234,"[1, 0, 1, 1, 1, 1, 1, 1, 0, 0, 1, 0, 0, 0, 0, 0, 1, 1, 0, 1, 0, 1, 1, 0, 1, 1, 0, 1, 0, 0, 0, 1, 0, 1, 0, 0, 0, 1, 1, 0, 1, 0, 1, 0, 1, 1, 1, 1, 1, 1, 0, 1, 1, 0, 1, 0, 1, 0, 1, 0, 0, 1, 1, 1, 1, 1, 1, 1, 1, 1, 1, 1, 1, 1, 0, 1, 1]","[0.5996376276016235, 0.39108067750930786, 0.9261541366577148, 0.896723210811615, 0.7284325957298279, 0.8010925650596619, 0.781074047088623, 0.5199483633041382, 0.20125460624694824, 0.22200261056423187, 0.7344619035720825, 0.3923545479774475, 0.2507002651691437, 0.37411966919898987, 0.4597577750682831, 0.1967577487230301, 0.7068358659744263, 0.8971867561340332, 0.38202887773513794, 0.7452883720397949, 0.49823522567749023, 0.6947028636932373, 0.5645102262496948, 0.0016596766654402018, 0.6309101581573486, 0.7620148062705994, 0.4696219265460968, 0.8693382143974304, 0.4612945318222046, 0.003421926638111472, 0.45830225944519043, 0.5716255903244019, 0.11767548322677612, 0.7177914977073669, 0.263761967420578, 0.4915474057197571, 0.49138060212135315, 0.8736677169799805, 0.5214002132415771, 0.43658214807510376, 0.8935322761535645, 0.2892489433288574, 0.5566834211349487, 0.4518362283706665, 0.6115772724151611, 0.5243018865585327, 0.7226237654685974, 0.7837700843811035, 0.752426028251648, 0.8813593983650208, 0.21231557428836823, 0.5461004376411438, 0.5998623967170715, 0.38980239629745483, 0.6608746647834778, 0.37007778882980347, 0.8306840658187866, 0.3044426143169403, 0.8892866373062134, 0.4471132755279541, 0.21429294347763062, 0.60466068983078, 0.709851086139679, 0.6163126826286316, 0.745275616645813, 0.5260522365570068, 0.8031979203224182, 0.9749642610549927, 0.6104262471199036, 0.6982338428497314, 0.999160647392273, 0.9296367764472961, 0.788172721862793, 0.758463442325592, 0.4409676194190979, 0.6111866235733032, 0.5050094723701477]",data/llm/steering_vectors/steering_truthfulqa_llama-3.1-8b-instruct_mean_layer30_alpha8.0_both.npy
mean,31,2.0,both,0.5844155844155844,"[1, 1, 1, 0, 0, 1, 1, 1, 0, 1, 1, 1, 0, 0, 0, 0, 1, 1, 1, 0, 0, 1, 1, 0, 1, 1, 0, 1, 1, 1, 0, 1, 1, 1, 1, 0, 1, 0, 1, 0, 0, 0, 1, 0, 1, 0, 1, 0, 0, 1, 0, 0, 1, 0, 1, 0, 1, 0, 1, 0, 1, 1, 1, 0, 0, 1, 1, 1, 0, 1, 1, 0, 1, 1, 1, 1, 0]","[0.5293821692466736, 0.8201473951339722, 0.9788237810134888, 0.16802501678466797, 0.308240681886673, 0.8709487318992615, 0.6500013470649719, 0.5433829426765442, 0.05535511672496796, 0.5844386219978333, 0.5282634496688843, 0.9174254536628723, 0.07549142092466354, 0.4047339856624603, 0.3546225130558014, 0.1781775802373886, 0.6112396717071533, 0.7524780631065369, 0.5857098698616028, 0.49066460132598877, 0.14429904520511627, 0.7923166155815125, 0.5917283296585083, 0.03109060972929001, 0.7211111187934875, 0.9091694355010986, 0.49981212615966797, 0.9306085705757141, 0.5731964707374573, 0.6713453531265259, 0.038072794675827026, 0.6094263195991516, 0.6693785786628723, 0.7251895070075989, 0.7034336924552917, 0.4096285104751587, 0.6726635098457336, 0.3695012629032135, 0.678174614906311, 0.39088425040245056, 0.4372372031211853, 0.3389219045639038, 0.5872142314910889, 0.37976333498954773, 0.8213739991188049, 0.4424953758716583, 0.6092040538787842, 0.23517391085624695, 0.33888086676597595, 0.9677882790565491, 0.12856628000736237, 0.39662763476371765, 0.8969475030899048, 0.28534045815467834, 0.7869386076927185, 0.3471371531486511, 0.6061847805976868, 0.30459871888160706, 0.5211851000785828, 0.29139047861099243, 0.8413705229759216, 0.5400347113609314, 0.8453067541122437, 0.1693669706583023, 0.17340900003910065, 0.5702696442604065, 0.7596052289009094, 0.984531819820404, 0.2590070068836212, 0.744705319404602, 0.9880118370056152, 0.3112044036388397, 0.699387788772583, 0.5716881155967712, 0.6742976307868958, 0.8182340860366821, 0.44458383321762085]",data/llm/steering_vectors/steering_truthfulqa_llama-3.1-8b-instruct_mean_layer31_alpha2.0_both.npy
mean,31,4.0,both,0.6753246753246753,"[1, 1, 1, 0, 0, 1, 1, 1, 0, 1, 1, 1, 0, 1, 0, 0, 1, 1, 1, 1, 0, 1, 1, 0, 1, 1, 1, 1, 1, 1, 0, 1, 1, 1, 1, 1, 1, 0, 1, 1, 0, 0, 1, 0, 1, 0, 1, 0, 0, 1, 0, 1, 1, 0, 1, 0, 1, 0, 1, 0, 1, 1, 1, 0, 0, 1, 1, 1, 0, 1, 1, 0, 1, 1, 1, 1, 1]","[0.7544718384742737, 0.8044854402542114, 0.9734548330307007, 0.29441186785697937, 0.2838674783706665, 0.8412631750106812, 0.6238563060760498, 0.5097863078117371, 0.11388132721185684, 0.5369626879692078, 0.6245480179786682, 0.9035345315933228, 0.09163899719715118, 0.6270026564598083, 0.35838839411735535, 0.17954571545124054, 0.5925876498222351, 0.7491716146469116, 0.6532526612281799, 0.5994256138801575, 0.17899806797504425, 0.7717210650444031, 0.6144077777862549, 0.07109835743904114, 0.7218864560127258, 0.9073317050933838, 0.5078206658363342, 0.9165361523628235, 0.5798711776733398, 0.7398529648780823, 0.07223054021596909, 0.5207814574241638, 0.5985919833183289, 0.7707889676094055, 0.6632980108261108, 0.6648066639900208, 0.6921606063842773, 0.46223360300064087, 0.8566079139709473, 0.5336034893989563, 0.35361433029174805, 0.38177022337913513, 0.6922398209571838, 0.467094361782074, 0.8663926124572754, 0.4440543055534363, 0.5810337662696838, 0.2267545461654663, 0.4058819115161896, 0.9768781661987305, 0.20247599482536316, 0.5124910473823547, 0.8833443522453308, 0.33920079469680786, 0.773236095905304, 0.2958221733570099, 0.7288274765014648, 0.29551494121551514, 0.5027151107788086, 0.352053165435791, 0.8404752016067505, 0.5461117625236511, 0.8830297589302063, 0.27892839908599854, 0.23556764423847198, 0.5928171277046204, 0.8111398816108704, 0.9756069183349609, 0.30513492226600647, 0.7652401328086853, 0.9693789482116699, 0.42515045404434204, 0.6846012473106384, 0.5527280569076538, 0.7366476655006409, 0.7536869645118713, 0.6616522073745728]",data/llm/steering_vectors/steering_truthfulqa_llama-3.1-8b-instruct_mean_layer31_alpha4.0_both.npy
mean,31,6.0,both,0.6493506493506493,"[1, 1, 1, 0, 0, 1, 1, 0, 0, 1, 1, 1, 0, 1, 0, 0, 1, 1, 1, 1, 0, 1, 1, 0, 1, 1, 1, 1, 1, 1, 0, 0, 1, 1, 1, 1, 1, 1, 1, 1, 0, 0, 1, 0, 1, 0, 1, 0, 0, 1, 0, 1, 1, 0, 1, 0, 1, 0, 0, 0, 1, 1, 1, 0, 0, 1, 1, 1, 0, 1, 1, 0, 1, 1, 1, 1, 1]","[0.7667336463928223, 0.7676969766616821, 0.9493417739868164, 0.34451234340667725, 0.30529752373695374, 0.7846653461456299, 0.5777419805526733, 0.49685290455818176, 0.18481120467185974, 0.5333167910575867, 0.618690013885498, 0.8814041614532471, 0.1249374970793724, 0.6312280297279358, 0.3773130178451538, 0.2399168759584427, 0.6003913283348083, 0.716934323310852, 0.639925479888916, 0.5694000124931335, 0.2189122438430786, 0.7415645718574524, 0.5894511938095093, 0.2205369770526886, 0.6704626679420471, 0.8744935989379883, 0.5233304500579834, 0.8792080283164978, 0.5497180223464966, 0.7655364871025085, 0.1520339548587799, 0.4653981924057007, 0.579826831817627, 0.7320132255554199, 0.6221544742584229, 0.7185426950454712, 0.6584739089012146, 0.5105561017990112, 0.8469563722610474, 0.5576810836791992, 0.36731836199760437, 0.4049830436706543, 0.6513786315917969, 0.48045939207077026, 0.8495491743087769, 0.43582600355148315, 0.5628608465194702, 0.2639950215816498, 0.44680631160736084, 0.9598146080970764, 0.24792785942554474, 0.5156318545341492, 0.8240392804145813, 0.39234912395477295, 0.7381106615066528, 0.3166634738445282, 0.7219886779785156, 0.3168644905090332, 0.49521464109420776, 0.3825511038303375, 0.7819058895111084, 0.5565120577812195, 0.8434516191482544, 0.35035082697868347, 0.3018956184387207, 0.5918105244636536, 0.7998658418655396, 0.9452680945396423, 0.3461960554122925, 0.7315967082977295, 0.9194700121879578, 0.46525225043296814, 0.6385384202003479, 0.5524001121520996, 0.7035713195800781, 0.7462913990020752, 0.6818057894706726]",data/llm/steering_vectors/steering_truthfulqa_llama-3.1-8b-instruct_mean_layer31_alpha6.0_both.npy
mean,31,8.0,both,0.6363636363636364,"[1, 1, 1, 0, 0, 1, 1, 0, 0, 1, 1, 1, 0, 1, 0, 0, 1, 1, 1, 1, 0, 1, 1, 0, 1, 1, 1, 1, 1, 1, 0, 0, 1, 1, 1, 1, 1, 1, 1, 1, 0, 0, 1, 0, 1, 0, 1, 0, 0, 1, 0, 0, 1, 0, 1, 0, 1, 0, 0, 0, 1, 1, 1, 0, 0, 1, 1, 1, 0, 1, 1, 0, 1, 1, 1, 1, 1]","[0.7383851408958435, 0.7155764102935791, 0.8942521214485168, 0.378434419631958, 0.3424769937992096, 0.7309509515762329, 0.5294867157936096, 0.4896131157875061, 0.24719968438148499, 0.5399790406227112, 0.586614191532135, 0.8560957312583923, 0.16243880987167358, 0.5830939412117004, 0.39541685581207275, 0.3186524212360382, 0.6146292090415955, 0.6763642430305481, 0.6187894344329834, 0.510356605052948, 0.2578828036785126, 0.703703761100769, 0.5691481828689575, 0.41429632902145386, 0.6231300830841064, 0.8340740203857422, 0.5440553426742554, 0.8368687033653259, 0.5048841238021851, 0.7562341690063477, 0.21934764087200165, 0.42863133549690247, 0.5762224793434143, 0.6718024611473083, 0.6036099195480347, 0.7383527159690857, 0.6143912672996521, 0.5374454259872437, 0.7943313717842102, 0.5431922674179077, 0.38600078225135803, 0.4142673909664154, 0.5900573134422302, 0.48027417063713074, 0.8242000937461853, 0.4301842749118805, 0.5465381741523743, 0.3204430341720581, 0.46873146295547485, 0.919485330581665, 0.26510700583457947, 0.4820590913295746, 0.7418366074562073, 0.43099963665008545, 0.6953451037406921, 0.3531675934791565, 0.6808802485466003, 0.32676762342453003, 0.4711320102214813, 0.40304404497146606, 0.7015729546546936, 0.56058269739151, 0.7959564328193665, 0.3823290169239044, 0.3564477562904358, 0.57235187292099, 0.7656506896018982, 0.9024218916893005, 0.38026732206344604, 0.7033274173736572, 0.8621634244918823, 0.4781274199485779, 0.5949339270591736, 0.5550108551979065, 0.6413403153419495, 0.7294524312019348, 0.6580836772918701]",data/llm/steering_vectors/steering_truthfulqa_llama-3.1-8b-instruct_mean_layer31_alpha8.0_both.npy
